{"mean":{"confidence_interval":{"confidence_level":0.95,"lower_bound":24623512798.936253,"upper_bound":48628344977.15},"point_estimate":35112417939.6,"standard_error":6230932936.480398},"median":{"confidence_interval":{"confidence_level":0.95,"lower_bound":18984970646.5,"upper_bound":38973831750.5},"point_estimate":24848776979.0,"standard_error":5313795178.020553},"median_abs_dev":{"confidence_interval":{"confidence_level":0.95,"lower_bound":5346973857.389439,"upper_bound":28339936767.219345},"point_estimate":13998798865.23124,"standard_error":5679395412.963194},"slope":null,"std_dev":{"confidence_interval":{"confidence_level":0.95,"lower_bound":10798003620.30735,"upper_bound":42212618174.83643},"point_estimate":28673873983.69777,"standard_error":8952205417.361422}}