{"mean":{"confidence_interval":{"confidence_level":0.95,"lower_bound":29517736212.265,"upper_bound":51777703082.67625},"point_estimate":39243021376.1,"standard_error":5772417636.316159},"median":{"confidence_interval":{"confidence_level":0.95,"lower_bound":25855029260.5,"upper_bound":40096590656.5},"point_estimate":30797046895.75,"standard_error":4105374348.953115},"median_abs_dev":{"confidence_interval":{"confidence_level":0.95,"lower_bound":5491881787.026058,"upper_bound":21923431367.24424},"point_estimate":13487574734.235182,"standard_error":3985957638.1440954},"slope":null,"std_dev":{"confidence_interval":{"confidence_level":0.95,"lower_bound":9432475341.283394,"upper_bound":38397430806.71963},"point_estimate":26451387690.356644,"standard_error":8030220679.285761}}