{"mean":{"confidence_interval":{"confidence_level":0.95,"lower_bound":86434041.88208333,"upper_bound":206214057.04791665},"point_estimate":139746745.8333333,"standard_error":30793840.21946474},"median":{"confidence_interval":{"confidence_level":0.95,"lower_bound":53860479.0,"upper_bound":123767756.83333334},"point_estimate":79738465.5,"standard_error":22977254.32049553},"median_abs_dev":{"confidence_interval":{"confidence_level":0.95,"lower_bound":9430704.766571514,"upper_bound":111267017.04931557},"point_estimate":46157538.12763989,"standard_error":29861509.899107322},"slope":null,"std_dev":{"confidence_interval":{"confidence_level":0.95,"lower_bound":57132911.711962014,"upper_bound":200415469.8507422},"point_estimate":141639209.7904992,"standard_error":38886250.37286543}}