{"mean":{"confidence_interval":{"confidence_level":0.95,"lower_bound":207202889.85375,"upper_bound":564622313.4312499},"point_estimate":361933462.5,"standard_error":92487378.76540373},"median":{"confidence_interval":{"confidence_level":0.95,"lower_bound":146884541.5,"upper_bound":258126354.5},"point_estimate":217077416.5,"standard_error":30162085.571505688},"median_abs_dev":{"confidence_interval":{"confidence_level":0.95,"lower_bound":15709072.604808211,"upper_bound":234485449.1629511},"point_estimate":166983721.30084634,"standard_error":64208701.60309927},"slope":null,"std_dev":{"confidence_interval":{"confidence_level":0.95,"lower_bound":115389668.32229118,"upper_bound":619428944.2109877},"point_estimate":426317563.39259404,"standard_error":133533428.26765378}}