{"mean":{"confidence_interval":{"confidence_level":0.95,"lower_bound":2190292136.46,"upper_bound":6213440368.7},"point_estimate":3826492929.25,"standard_error":1064354942.0208216},"median":{"confidence_interval":{"confidence_level":0.95,"lower_bound":1871863250.0,"upper_bound":3943644562.0},"point_estimate":2207573125.0,"standard_error":492491953.13136107},"median_abs_dev":{"confidence_interval":{"confidence_level":0.95,"lower_bound":362031885.8842492,"upper_bound":2682372534.330368},"point_estimate":1927067260.984817,"standard_error":684905713.0026004},"slope":null,"std_dev":{"confidence_interval":{"confidence_level":0.95,"lower_bound":1158156409.0126073,"upper_bound":7640859100.880026},"point_estimate":4909119458.995595,"standard_error":1980206227.4646237}}