{"mean":{"confidence_interval":{"confidence_level":0.95,"lower_bound":5365116448.86,"upper_bound":8602078445.332497},"point_estimate":6841578910.55,"standard_error":829255202.5346072},"median":{"confidence_interval":{"confidence_level":0.95,"lower_bound":4906912854.5,"upper_bound":8458499021.0},"point_estimate":5584789854.5,"standard_error":1138334560.4677122},"median_abs_dev":{"confidence_interval":{"confidence_level":0.95,"lower_bound":1156010010.0738196,"upper_bound":4553328051.312267},"point_estimate":3340909468.1187005,"standard_error":860575916.5002129},"slope":null,"std_dev":{"confidence_interval":{"confidence_level":0.95,"lower_bound":2066785708.2244875,"upper_bound":5449867559.18023},"point_estimate":3815165005.036743,"standard_error":961208549.9474345}}